-- phpMyAdmin SQL Dump
-- version 4.4.12
-- http://www.phpmyadmin.net
--
-- Host: 127.0.0.1
-- Generation Time: Jul 25, 2018 at 11:15 PM
-- Server version: 5.6.25
-- PHP Version: 5.6.11

SET SQL_MODE = "NO_AUTO_VALUE_ON_ZERO";
SET time_zone = "+00:00";


/*!40101 SET @OLD_CHARACTER_SET_CLIENT=@@CHARACTER_SET_CLIENT */;
/*!40101 SET @OLD_CHARACTER_SET_RESULTS=@@CHARACTER_SET_RESULTS */;
/*!40101 SET @OLD_COLLATION_CONNECTION=@@COLLATION_CONNECTION */;
/*!40101 SET NAMES utf8mb4 */;

--
-- Database: `kokil`
--

-- --------------------------------------------------------

--
-- Table structure for table `admin`
--

CREATE TABLE IF NOT EXISTS `admin` (
  `id` int(11) NOT NULL,
  `username` varchar(100) NOT NULL,
  `user_email` varchar(100) NOT NULL,
  `user_password` varchar(100) NOT NULL,
  `last_login` datetime NOT NULL,
  `status` varchar(100) NOT NULL,
  `language` varchar(100) NOT NULL DEFAULT 'english',
  `file_path` varchar(500) NOT NULL
) ENGINE=InnoDB AUTO_INCREMENT=3 DEFAULT CHARSET=utf8;

--
-- Dumping data for table `admin`
--

INSERT INTO `admin` (`id`, `username`, `user_email`, `user_password`, `last_login`, `status`, `language`, `file_path`) VALUES
(2, 'Administrator', 'admin@admin.com', '0192023a7bbd73250516f069df18b500', '2016-10-08 05:14:13', 'active', 'english', 'assets/images/credit/1481294874.JPG');

-- --------------------------------------------------------

--
-- Table structure for table `baby_account_info`
--

CREATE TABLE IF NOT EXISTS `baby_account_info` (
  `Id` int(5) unsigned NOT NULL,
  `accountNo` varchar(100) CHARACTER SET utf8 NOT NULL,
  `accountName` varchar(100) CHARACTER SET utf8 NOT NULL,
  `accountAddress` varchar(250) CHARACTER SET utf8 DEFAULT NULL,
  `contactNo` varchar(12) CHARACTER SET utf8 NOT NULL,
  `account_type` int(10) NOT NULL,
  `circle_tax` int(10) NOT NULL,
  `cre_or_up_by` varchar(100) NOT NULL,
  `cre_or_up_date` date NOT NULL,
  `status` tinyint(4) NOT NULL
) ENGINE=InnoDB AUTO_INCREMENT=7 DEFAULT CHARSET=utf16;

--
-- Dumping data for table `baby_account_info`
--

INSERT INTO `baby_account_info` (`Id`, `accountNo`, `accountName`, `accountAddress`, `contactNo`, `account_type`, `circle_tax`, `cre_or_up_by`, `cre_or_up_date`, `status`) VALUES
(1, 'RIY123', 'Riyadh Ahmed', 'Chittagong', '01851334237', 1, 3, '', '2017-03-28', 1),
(2, '233543', 'Abu Yusuf', 'Chittagong', '01851334212', 2, 2, '', '2017-03-28', 1),
(3, 'ER43QWERE', 'Arfan Ahmed', 'Chittagong', '01851334244', 3, 1, '', '2017-03-28', 1),
(4, 'FRQW34', 'Kamrul Islam Rabbi', 'Chittagong', '01851334666', 2, 3, '', '2017-03-28', 1),
(5, 'RT61723', 'Tanvir Haider', 'Chittagong', '01851334232', 1, 2, '', '2017-05-03', 1),
(6, 'TRE321', 'Shakib Al Hasan', 'Dhaka', '01851334211', 1, 1, 'Administrator', '2017-06-14', 1);

-- --------------------------------------------------------

--
-- Table structure for table `circle`
--

CREATE TABLE IF NOT EXISTS `circle` (
  `id` int(11) NOT NULL,
  `circle_name` varchar(100) NOT NULL,
  `tax_id` int(11) NOT NULL,
  `cre_or_up_date` date NOT NULL,
  `cre_or_up_by` varchar(100) NOT NULL,
  `status` int(11) NOT NULL
) ENGINE=InnoDB AUTO_INCREMENT=4 DEFAULT CHARSET=utf8;

--
-- Dumping data for table `circle`
--

INSERT INTO `circle` (`id`, `circle_name`, `tax_id`, `cre_or_up_date`, `cre_or_up_by`, `status`) VALUES
(1, 'Circle One', 1, '2017-05-01', 'Administrator', 1),
(2, 'Circle Two', 0, '2017-05-10', 'Administrator', 1),
(3, 'Circle Three', 0, '2017-05-10', 'Administrator', 1);

-- --------------------------------------------------------

--
-- Table structure for table `ci_sessions`
--

CREATE TABLE IF NOT EXISTS `ci_sessions` (
  `id` varchar(40) NOT NULL,
  `ip_address` varchar(45) NOT NULL,
  `timestamp` int(10) unsigned NOT NULL,
  `data` blob NOT NULL
) ENGINE=InnoDB DEFAULT CHARSET=utf8;

--
-- Dumping data for table `ci_sessions`
--

INSERT INTO `ci_sessions` (`id`, `ip_address`, `timestamp`, `data`) VALUES
('09fb9360fa7145b6c09a591d04187c150305275f', '::1', 1495037084, 0x5f5f63695f6c6173745f726567656e65726174657c693a313439353033373034353b736974655f6c616e677c733a373a22656e676c697368223b61646d696e5f6c6f676765645f696e7c613a343a7b733a393a22757365725f6e616d65223b733a31333a2241646d696e6973747261746f72223b733a31303a22757365725f656d61696c223b733a31353a2261646d696e4061646d696e2e636f6d223b733a393a22736974655f6c616e67223b733a373a22656e676c697368223b733a393a226c6f676765645f696e223b623a313b7d),
('b2a46c7f8367f823832e0ac3a70772fbffac2ae5', '::1', 1495038173, 0x5f5f63695f6c6173745f726567656e65726174657c693a313439353033373837343b736974655f6c616e677c733a373a22656e676c697368223b61646d696e5f6c6f676765645f696e7c613a343a7b733a393a22757365725f6e616d65223b733a31333a2241646d696e6973747261746f72223b733a31303a22757365725f656d61696c223b733a31353a2261646d696e4061646d696e2e636f6d223b733a393a22736974655f6c616e67223b733a373a22656e676c697368223b733a393a226c6f676765645f696e223b623a313b7d),
('ae60fe51b0e9b11ae1b6c0278356878eb7c11566', '::1', 1495038190, 0x5f5f63695f6c6173745f726567656e65726174657c693a313439353033383139303b),
('8c96d256bfe21745c8d17b50d7a302cddd6b477a', '::1', 1495038398, 0x5f5f63695f6c6173745f726567656e65726174657c693a313439353033383338373b736974655f6c616e677c733a373a22656e676c697368223b61646d696e5f6c6f676765645f696e7c613a343a7b733a393a22757365725f6e616d65223b733a31333a2241646d696e6973747261746f72223b733a31303a22757365725f656d61696c223b733a31353a2261646d696e4061646d696e2e636f6d223b733a393a22736974655f6c616e67223b733a373a22656e676c697368223b733a393a226c6f676765645f696e223b623a313b7d),
('2cfa9385ac2d86d528ab7b031338f5cd89b16734', '::1', 1495039995, 0x5f5f63695f6c6173745f726567656e65726174657c693a313439353033393733313b736974655f6c616e677c733a373a22656e676c697368223b61646d696e5f6c6f676765645f696e7c613a343a7b733a393a22757365725f6e616d65223b733a31333a2241646d696e6973747261746f72223b733a31303a22757365725f656d61696c223b733a31353a2261646d696e4061646d696e2e636f6d223b733a393a22736974655f6c616e67223b733a373a22656e676c697368223b733a393a226c6f676765645f696e223b623a313b7d),
('dbc14ef511752bb3095eda0a1b2325cdfb56f5e7', '::1', 1495040458, 0x5f5f63695f6c6173745f726567656e65726174657c693a313439353034303239363b61646d696e5f6c6f676765645f696e7c613a353a7b733a393a22757365725f6e616d65223b733a31333a2241646d696e6973747261746f72223b733a373a22757365725f6964223b733a313a2231223b733a31303a22757365725f656d61696c223b733a31353a2261646d696e4061646d696e2e636f6d223b733a373a22726f6c655f6964223b733a313a2231223b733a393a226c6f676765645f696e223b623a313b7d),
('ffa08c31277dc706bdc8ae51b90b9935bdbfd72d', '::1', 1495041682, 0x5f5f63695f6c6173745f726567656e65726174657c693a313439353034313436333b61646d696e5f6c6f676765645f696e7c613a353a7b733a393a22757365725f6e616d65223b733a31333a2241646d696e6973747261746f72223b733a373a22757365725f6964223b733a313a2231223b733a31303a22757365725f656d61696c223b733a31353a2261646d696e4061646d696e2e636f6d223b733a373a22726f6c655f6964223b733a313a2231223b733a393a226c6f676765645f696e223b623a313b7d),
('8c8ca5af65259d436bf5a5fc868f56387ce2ff76', '::1', 1495042130, 0x5f5f63695f6c6173745f726567656e65726174657c693a313439353034313833313b61646d696e5f6c6f676765645f696e7c613a353a7b733a393a22757365725f6e616d65223b733a31333a2241646d696e6973747261746f72223b733a373a22757365725f6964223b733a313a2231223b733a31303a22757365725f656d61696c223b733a31353a2261646d696e4061646d696e2e636f6d223b733a373a22726f6c655f6964223b733a313a2231223b733a393a226c6f676765645f696e223b623a313b7d),
('59315f9dcb622c06e5ad03499481d86801c02e08', '::1', 1495042628, 0x5f5f63695f6c6173745f726567656e65726174657c693a313439353034323336363b61646d696e5f6c6f676765645f696e7c613a353a7b733a393a22757365725f6e616d65223b733a31333a2241646d696e6973747261746f72223b733a373a22757365725f6964223b733a313a2231223b733a31303a22757365725f656d61696c223b733a31353a2261646d696e4061646d696e2e636f6d223b733a373a22726f6c655f6964223b733a313a2231223b733a393a226c6f676765645f696e223b623a313b7d),
('cfa5f63e7a4f7bddb3eb8e007c2e52cf8f43f7d6', '::1', 1495043349, 0x5f5f63695f6c6173745f726567656e65726174657c693a313439353034323730353b61646d696e5f6c6f676765645f696e7c613a353a7b733a393a22757365725f6e616d65223b733a31333a2241646d696e6973747261746f72223b733a373a22757365725f6964223b733a313a2231223b733a31303a22757365725f656d61696c223b733a31353a2261646d696e4061646d696e2e636f6d223b733a373a22726f6c655f6964223b733a313a2231223b733a393a226c6f676765645f696e223b623a313b7d),
('71f9036f74dcdf569fdff293fcc2aed513ff36e0', '::1', 1495043475, 0x5f5f63695f6c6173745f726567656e65726174657c693a313439353034333335333b61646d696e5f6c6f676765645f696e7c613a353a7b733a393a22757365725f6e616d65223b733a31333a2241646d696e6973747261746f72223b733a373a22757365725f6964223b733a313a2231223b733a31303a22757365725f656d61696c223b733a31353a2261646d696e4061646d696e2e636f6d223b733a373a22726f6c655f6964223b733a313a2231223b733a393a226c6f676765645f696e223b623a313b7d),
('4f77e20022e951d39e3022299ef202539b8fea42', '::1', 1495043727, 0x5f5f63695f6c6173745f726567656e65726174657c693a313439353034333732373b61646d696e5f6c6f676765645f696e7c613a353a7b733a393a22757365725f6e616d65223b733a31333a2241646d696e6973747261746f72223b733a373a22757365725f6964223b733a313a2231223b733a31303a22757365725f656d61696c223b733a31353a2261646d696e4061646d696e2e636f6d223b733a373a22726f6c655f6964223b733a313a2231223b733a393a226c6f676765645f696e223b623a313b7d),
('cb20a95529a37780b508807aee876566dbdd58fd', '::1', 1495202188, 0x5f5f63695f6c6173745f726567656e65726174657c693a313439353230313934313b61646d696e5f6c6f676765645f696e7c613a353a7b733a393a22757365725f6e616d65223b733a31333a2241646d696e6973747261746f72223b733a373a22757365725f6964223b733a313a2231223b733a31303a22757365725f656d61696c223b733a31353a2261646d696e4061646d696e2e636f6d223b733a373a22726f6c655f6964223b733a313a2231223b733a393a226c6f676765645f696e223b623a313b7d),
('08c18bd42f51067442a087bfa03a6b2afde90dfb', '::1', 1495203635, 0x5f5f63695f6c6173745f726567656e65726174657c693a313439353230333631363b61646d696e5f6c6f676765645f696e7c613a353a7b733a393a22757365725f6e616d65223b733a31333a2241646d696e6973747261746f72223b733a373a22757365725f6964223b733a313a2231223b733a31303a22757365725f656d61696c223b733a31353a2261646d696e4061646d696e2e636f6d223b733a373a22726f6c655f6964223b733a313a2231223b733a393a226c6f676765645f696e223b623a313b7d),
('a330e8823da628bd19970d57da5ba9e15acccba6', '::1', 1495204131, 0x5f5f63695f6c6173745f726567656e65726174657c693a313439353230333932313b61646d696e5f6c6f676765645f696e7c613a353a7b733a393a22757365725f6e616d65223b733a31333a2241646d696e6973747261746f72223b733a373a22757365725f6964223b733a313a2231223b733a31303a22757365725f656d61696c223b733a31353a2261646d696e4061646d696e2e636f6d223b733a373a22726f6c655f6964223b733a313a2231223b733a393a226c6f676765645f696e223b623a313b7d),
('bd2e9bebcb9981a2f857bd47314af8eb9e817e60', '::1', 1495204247, 0x5f5f63695f6c6173745f726567656e65726174657c693a313439353230343233373b61646d696e5f6c6f676765645f696e7c613a353a7b733a393a22757365725f6e616d65223b733a31333a2241646d696e6973747261746f72223b733a373a22757365725f6964223b733a313a2231223b733a31303a22757365725f656d61696c223b733a31353a2261646d696e4061646d696e2e636f6d223b733a373a22726f6c655f6964223b733a313a2231223b733a393a226c6f676765645f696e223b623a313b7d),
('6e860685d865df54a6812b186053e2e15ff3856b', '::1', 1495204835, 0x5f5f63695f6c6173745f726567656e65726174657c693a313439353230343534333b61646d696e5f6c6f676765645f696e7c613a353a7b733a393a22757365725f6e616d65223b733a31333a2241646d696e6973747261746f72223b733a373a22757365725f6964223b733a313a2231223b733a31303a22757365725f656d61696c223b733a31353a2261646d696e4061646d696e2e636f6d223b733a373a22726f6c655f6964223b733a313a2231223b733a393a226c6f676765645f696e223b623a313b7d),
('e7becaaf9e4911e66cb497555c1b14f36ffdb47d', '::1', 1495205118, 0x5f5f63695f6c6173745f726567656e65726174657c693a313439353230343837373b61646d696e5f6c6f676765645f696e7c613a353a7b733a393a22757365725f6e616d65223b733a31333a2241646d696e6973747261746f72223b733a373a22757365725f6964223b733a313a2231223b733a31303a22757365725f656d61696c223b733a31353a2261646d696e4061646d696e2e636f6d223b733a373a22726f6c655f6964223b733a313a2231223b733a393a226c6f676765645f696e223b623a313b7d),
('f948591d4d23ba3ee0577e49c17f814bd3c09f85', '::1', 1495205542, 0x5f5f63695f6c6173745f726567656e65726174657c693a313439353230353534323b61646d696e5f6c6f676765645f696e7c613a353a7b733a393a22757365725f6e616d65223b733a31333a2241646d696e6973747261746f72223b733a373a22757365725f6964223b733a313a2231223b733a31303a22757365725f656d61696c223b733a31353a2261646d696e4061646d696e2e636f6d223b733a373a22726f6c655f6964223b733a313a2231223b733a393a226c6f676765645f696e223b623a313b7d),
('98253336c1f54b72c1c49a488535565f129390fe', '::1', 1495207729, 0x5f5f63695f6c6173745f726567656e65726174657c693a313439353230373731333b61646d696e5f6c6f676765645f696e7c613a353a7b733a393a22757365725f6e616d65223b733a31333a2241646d696e6973747261746f72223b733a373a22757365725f6964223b733a313a2231223b733a31303a22757365725f656d61696c223b733a31353a2261646d696e4061646d696e2e636f6d223b733a373a22726f6c655f6964223b733a313a2231223b733a393a226c6f676765645f696e223b623a313b7d),
('4999c0401086bcfb1e951f7779a131dd4abcc208', '::1', 1495208630, 0x5f5f63695f6c6173745f726567656e65726174657c693a313439353230383339323b61646d696e5f6c6f676765645f696e7c613a353a7b733a393a22757365725f6e616d65223b733a31333a2241646d696e6973747261746f72223b733a373a22757365725f6964223b733a313a2231223b733a31303a22757365725f656d61696c223b733a31353a2261646d696e4061646d696e2e636f6d223b733a373a22726f6c655f6964223b733a313a2231223b733a393a226c6f676765645f696e223b623a313b7d),
('555fccc1143984f4b9d8f4452f2fbfca95d0aa65', '::1', 1495208765, 0x5f5f63695f6c6173745f726567656e65726174657c693a313439353230383732373b61646d696e5f6c6f676765645f696e7c613a353a7b733a393a22757365725f6e616d65223b733a31333a2241646d696e6973747261746f72223b733a373a22757365725f6964223b733a313a2231223b733a31303a22757365725f656d61696c223b733a31353a2261646d696e4061646d696e2e636f6d223b733a373a22726f6c655f6964223b733a313a2231223b733a393a226c6f676765645f696e223b623a313b7d),
('9afc2c4759ac25152f037fcbdd57cc4962b84956', '::1', 1495209337, 0x5f5f63695f6c6173745f726567656e65726174657c693a313439353230393132343b61646d696e5f6c6f676765645f696e7c613a353a7b733a393a22757365725f6e616d65223b733a31333a2241646d696e6973747261746f72223b733a373a22757365725f6964223b733a313a2231223b733a31303a22757365725f656d61696c223b733a31353a2261646d696e4061646d696e2e636f6d223b733a373a22726f6c655f6964223b733a313a2231223b733a393a226c6f676765645f696e223b623a313b7d),
('58e2d0fa2ca347f641eaaec80487297b71b48aec', '::1', 1495210277, 0x5f5f63695f6c6173745f726567656e65726174657c693a313439353231303133363b61646d696e5f6c6f676765645f696e7c613a353a7b733a393a22757365725f6e616d65223b733a31333a2241646d696e6973747261746f72223b733a373a22757365725f6964223b733a313a2231223b733a31303a22757365725f656d61696c223b733a31353a2261646d696e4061646d696e2e636f6d223b733a373a22726f6c655f6964223b733a313a2231223b733a393a226c6f676765645f696e223b623a313b7d),
('eabaf6d8e6f495ad06699830c6e502e9e46d6c75', '::1', 1495211686, 0x5f5f63695f6c6173745f726567656e65726174657c693a313439353231313637393b61646d696e5f6c6f676765645f696e7c613a353a7b733a393a22757365725f6e616d65223b733a31333a2241646d696e6973747261746f72223b733a373a22757365725f6964223b733a313a2231223b733a31303a22757365725f656d61696c223b733a31353a2261646d696e4061646d696e2e636f6d223b733a373a22726f6c655f6964223b733a313a2231223b733a393a226c6f676765645f696e223b623a313b7d),
('3e7695b4cfe6c30fab2d86cfdebf72dfecdf2764', '::1', 1495212579, 0x5f5f63695f6c6173745f726567656e65726174657c693a313439353231323334383b61646d696e5f6c6f676765645f696e7c613a353a7b733a393a22757365725f6e616d65223b733a31333a2241646d696e6973747261746f72223b733a373a22757365725f6964223b733a313a2231223b733a31303a22757365725f656d61696c223b733a31353a2261646d696e4061646d696e2e636f6d223b733a373a22726f6c655f6964223b733a313a2231223b733a393a226c6f676765645f696e223b623a313b7d),
('fff9ebecaf5b47e7e1e888c9e9493f0856229c7c', '::1', 1495212719, 0x5f5f63695f6c6173745f726567656e65726174657c693a313439353231323731393b61646d696e5f6c6f676765645f696e7c613a353a7b733a393a22757365725f6e616d65223b733a31333a2241646d696e6973747261746f72223b733a373a22757365725f6964223b733a313a2231223b733a31303a22757365725f656d61696c223b733a31353a2261646d696e4061646d696e2e636f6d223b733a373a22726f6c655f6964223b733a313a2231223b733a393a226c6f676765645f696e223b623a313b7d),
('71f6b99ad25fa9344eff6f9185a3a74f1f76940f', '::1', 1495213670, 0x5f5f63695f6c6173745f726567656e65726174657c693a313439353231333337353b61646d696e5f6c6f676765645f696e7c613a353a7b733a393a22757365725f6e616d65223b733a31333a2241646d696e6973747261746f72223b733a373a22757365725f6964223b733a313a2231223b733a31303a22757365725f656d61696c223b733a31353a2261646d696e4061646d696e2e636f6d223b733a373a22726f6c655f6964223b733a313a2231223b733a393a226c6f676765645f696e223b623a313b7d),
('d5ad988670c66fe95108ec020f8c031e4a9990a1', '::1', 1495213658, 0x5f5f63695f6c6173745f726567656e65726174657c693a313439353231333635383b),
('3d7836bd0e52c8989eedf49a709baf3d5ea38af1', '::1', 1495213658, 0x5f5f63695f6c6173745f726567656e65726174657c693a313439353231333635383b),
('30a46cbbe7ba6c807a2f1a5f15bf341ae318ae39', '::1', 1497448221, 0x5f5f63695f6c6173745f726567656e65726174657c693a313439373434383036333b61646d696e5f6c6f676765645f696e7c613a353a7b733a393a22757365725f6e616d65223b733a31333a2241646d696e6973747261746f72223b733a373a22757365725f6964223b733a313a2231223b733a31303a22757365725f656d61696c223b733a31353a2261646d696e4061646d696e2e636f6d223b733a373a22726f6c655f6964223b733a313a2231223b733a393a226c6f676765645f696e223b623a313b7d),
('f9e1e0807c7b97292e87f9a0412599806b4473ea', '::1', 1497449608, 0x5f5f63695f6c6173745f726567656e65726174657c693a313439373434393332383b61646d696e5f6c6f676765645f696e7c613a353a7b733a393a22757365725f6e616d65223b733a31333a2241646d696e6973747261746f72223b733a373a22757365725f6964223b733a313a2231223b733a31303a22757365725f656d61696c223b733a31353a2261646d696e4061646d696e2e636f6d223b733a373a22726f6c655f6964223b733a313a2231223b733a393a226c6f676765645f696e223b623a313b7d),
('a05728c926c3a81ad109766a995aebe64fb478d1', '::1', 1497449734, 0x5f5f63695f6c6173745f726567656e65726174657c693a313439373434393639333b61646d696e5f6c6f676765645f696e7c613a353a7b733a393a22757365725f6e616d65223b733a31333a2241646d696e6973747261746f72223b733a373a22757365725f6964223b733a313a2231223b733a31303a22757365725f656d61696c223b733a31353a2261646d696e4061646d696e2e636f6d223b733a373a22726f6c655f6964223b733a313a2231223b733a393a226c6f676765645f696e223b623a313b7d),
('639d79bf6eb1ca142243739c421e03ed388a7d63', '::1', 1497453405, 0x5f5f63695f6c6173745f726567656e65726174657c693a313439373435333430333b61646d696e5f6c6f676765645f696e7c613a353a7b733a393a22757365725f6e616d65223b733a31333a2241646d696e6973747261746f72223b733a373a22757365725f6964223b733a313a2231223b733a31303a22757365725f656d61696c223b733a31353a2261646d696e4061646d696e2e636f6d223b733a373a22726f6c655f6964223b733a313a2231223b733a393a226c6f676765645f696e223b623a313b7d),
('d186ec99d7de1967a9f56e37d99ce53f3a14186f', '::1', 1497454267, 0x5f5f63695f6c6173745f726567656e65726174657c693a313439373435343031303b61646d696e5f6c6f676765645f696e7c613a353a7b733a393a22757365725f6e616d65223b733a31333a2241646d696e6973747261746f72223b733a373a22757365725f6964223b733a313a2231223b733a31303a22757365725f656d61696c223b733a31353a2261646d696e4061646d696e2e636f6d223b733a373a22726f6c655f6964223b733a313a2231223b733a393a226c6f676765645f696e223b623a313b7d),
('8af6a7ee0579fde04d2f319dc2532e0e0143da19', '::1', 1497454556, 0x5f5f63695f6c6173745f726567656e65726174657c693a313439373435343331373b61646d696e5f6c6f676765645f696e7c613a353a7b733a393a22757365725f6e616d65223b733a31333a2241646d696e6973747261746f72223b733a373a22757365725f6964223b733a313a2231223b733a31303a22757365725f656d61696c223b733a31353a2261646d696e4061646d696e2e636f6d223b733a373a22726f6c655f6964223b733a313a2231223b733a393a226c6f676765645f696e223b623a313b7d),
('f9e989ca41034da9339db81e2253313f4fb2d89b', '::1', 1497454700, 0x5f5f63695f6c6173745f726567656e65726174657c693a313439373435343632373b61646d696e5f6c6f676765645f696e7c613a353a7b733a393a22757365725f6e616d65223b733a31333a2241646d696e6973747261746f72223b733a373a22757365725f6964223b733a313a2231223b733a31303a22757365725f656d61696c223b733a31353a2261646d696e4061646d696e2e636f6d223b733a373a22726f6c655f6964223b733a313a2231223b733a393a226c6f676765645f696e223b623a313b7d),
('70ddef45398d15c7745be70e7f793d92786a58fa', '::1', 1497455310, 0x5f5f63695f6c6173745f726567656e65726174657c693a313439373435353133373b61646d696e5f6c6f676765645f696e7c613a353a7b733a393a22757365725f6e616d65223b733a31333a2241646d696e6973747261746f72223b733a373a22757365725f6964223b733a313a2231223b733a31303a22757365725f656d61696c223b733a31353a2261646d696e4061646d696e2e636f6d223b733a373a22726f6c655f6964223b733a313a2231223b733a393a226c6f676765645f696e223b623a313b7d),
('fb2693eb506d6870c47d44304e84b10b18a266d8', '::1', 1497455786, 0x5f5f63695f6c6173745f726567656e65726174657c693a313439373435353531323b61646d696e5f6c6f676765645f696e7c613a353a7b733a393a22757365725f6e616d65223b733a31333a2241646d696e6973747261746f72223b733a373a22757365725f6964223b733a313a2231223b733a31303a22757365725f656d61696c223b733a31353a2261646d696e4061646d696e2e636f6d223b733a373a22726f6c655f6964223b733a313a2231223b733a393a226c6f676765645f696e223b623a313b7d),
('f87790965fad44af5705199b13b86bd37f2f264c', '::1', 1497456096, 0x5f5f63695f6c6173745f726567656e65726174657c693a313439373435363037313b61646d696e5f6c6f676765645f696e7c613a353a7b733a393a22757365725f6e616d65223b733a31333a2241646d696e6973747261746f72223b733a373a22757365725f6964223b733a313a2231223b733a31303a22757365725f656d61696c223b733a31353a2261646d696e4061646d696e2e636f6d223b733a373a22726f6c655f6964223b733a313a2231223b733a393a226c6f676765645f696e223b623a313b7d),
('291362fd36c578ebb0b3313f01647a76bd5b852f', '::1', 1497456752, 0x5f5f63695f6c6173745f726567656e65726174657c693a313439373435363734373b61646d696e5f6c6f676765645f696e7c613a353a7b733a393a22757365725f6e616d65223b733a31333a2241646d696e6973747261746f72223b733a373a22757365725f6964223b733a313a2231223b733a31303a22757365725f656d61696c223b733a31353a2261646d696e4061646d696e2e636f6d223b733a373a22726f6c655f6964223b733a313a2231223b733a393a226c6f676765645f696e223b623a313b7d),
('2a230623a2fc669f8e97bf263114894d1ee0fced', '::1', 1497624258, 0x5f5f63695f6c6173745f726567656e65726174657c693a313439373632343235383b),
('ef9da0fb59088ad9b179e9d57791a365f2144316', '::1', 1497624360, 0x5f5f63695f6c6173745f726567656e65726174657c693a313439373632343235383b61646d696e5f6c6f676765645f696e7c613a353a7b733a393a22757365725f6e616d65223b733a31333a2241646d696e6973747261746f72223b733a373a22757365725f6964223b733a313a2231223b733a31303a22757365725f656d61696c223b733a31353a2261646d696e4061646d696e2e636f6d223b733a373a22726f6c655f6964223b733a313a2231223b733a393a226c6f676765645f696e223b623a313b7d),
('92ac0ffcb93664b26221223fbc74f6616f94c93b', '::1', 1497624259, 0x5f5f63695f6c6173745f726567656e65726174657c693a313439373632343235393b),
('c08bdd9ca1efa79f53f36e8d8fb9a3c26c3a04f4', '::1', 1497625471, 0x5f5f63695f6c6173745f726567656e65726174657c693a313439373632353330323b61646d696e5f6c6f676765645f696e7c613a353a7b733a393a22757365725f6e616d65223b733a31333a2241646d696e6973747261746f72223b733a373a22757365725f6964223b733a313a2231223b733a31303a22757365725f656d61696c223b733a31353a2261646d696e4061646d696e2e636f6d223b733a373a22726f6c655f6964223b733a313a2231223b733a393a226c6f676765645f696e223b623a313b7d),
('d0d5b96f48d33babd8e0992eb2afdf7a223b0f24', '::1', 1497626692, 0x5f5f63695f6c6173745f726567656e65726174657c693a313439373632353934303b61646d696e5f6c6f676765645f696e7c613a353a7b733a393a22757365725f6e616d65223b733a31333a2241646d696e6973747261746f72223b733a373a22757365725f6964223b733a313a2231223b733a31303a22757365725f656d61696c223b733a31353a2261646d696e4061646d696e2e636f6d223b733a373a22726f6c655f6964223b733a313a2231223b733a393a226c6f676765645f696e223b623a313b7d),
('2f21c152e1d36c20a6b06914482fd0602b56a0d0', '::1', 1497626931, 0x5f5f63695f6c6173745f726567656e65726174657c693a313439373632363730333b61646d696e5f6c6f676765645f696e7c613a353a7b733a393a22757365725f6e616d65223b733a31333a2241646d696e6973747261746f72223b733a373a22757365725f6964223b733a313a2231223b733a31303a22757365725f656d61696c223b733a31353a2261646d696e4061646d696e2e636f6d223b733a373a22726f6c655f6964223b733a313a2231223b733a393a226c6f676765645f696e223b623a313b7d),
('a071999f53dec05b9b054b9b12a95f55a6bda629', '::1', 1497627397, 0x5f5f63695f6c6173745f726567656e65726174657c693a313439373632373133333b61646d696e5f6c6f676765645f696e7c613a353a7b733a393a22757365725f6e616d65223b733a31333a2241646d696e6973747261746f72223b733a373a22757365725f6964223b733a313a2231223b733a31303a22757365725f656d61696c223b733a31353a2261646d696e4061646d696e2e636f6d223b733a373a22726f6c655f6964223b733a313a2231223b733a393a226c6f676765645f696e223b623a313b7d),
('52c8591a91ac6ae83f68daa60c8b5f10ee67d207', '::1', 1497627779, 0x5f5f63695f6c6173745f726567656e65726174657c693a313439373632373437383b61646d696e5f6c6f676765645f696e7c613a353a7b733a393a22757365725f6e616d65223b733a31333a2241646d696e6973747261746f72223b733a373a22757365725f6964223b733a313a2231223b733a31303a22757365725f656d61696c223b733a31353a2261646d696e4061646d696e2e636f6d223b733a373a22726f6c655f6964223b733a313a2231223b733a393a226c6f676765645f696e223b623a313b7d),
('f83c982e337cceefa714a76a159e2885401637e5', '::1', 1497627803, 0x5f5f63695f6c6173745f726567656e65726174657c693a313439373632373738383b61646d696e5f6c6f676765645f696e7c613a353a7b733a393a22757365725f6e616d65223b733a31333a2241646d696e6973747261746f72223b733a373a22757365725f6964223b733a313a2231223b733a31303a22757365725f656d61696c223b733a31353a2261646d696e4061646d696e2e636f6d223b733a373a22726f6c655f6964223b733a313a2231223b733a393a226c6f676765645f696e223b623a313b7d),
('971fcea1910939ad67857ea479b86fb37809c021', '::1', 1497628217, 0x5f5f63695f6c6173745f726567656e65726174657c693a313439373632373832363b61646d696e5f6c6f676765645f696e7c613a353a7b733a393a22757365725f6e616d65223b733a31333a2241646d696e6973747261746f72223b733a373a22757365725f6964223b733a313a2231223b733a31303a22757365725f656d61696c223b733a31353a2261646d696e4061646d696e2e636f6d223b733a373a22726f6c655f6964223b733a313a2231223b733a393a226c6f676765645f696e223b623a313b7d),
('856f746e286c5135163c322ebe4716919af78f6f', '::1', 1497628524, 0x5f5f63695f6c6173745f726567656e65726174657c693a313439373632383232313b61646d696e5f6c6f676765645f696e7c613a353a7b733a393a22757365725f6e616d65223b733a31333a2241646d696e6973747261746f72223b733a373a22757365725f6964223b733a313a2231223b733a31303a22757365725f656d61696c223b733a31353a2261646d696e4061646d696e2e636f6d223b733a373a22726f6c655f6964223b733a313a2231223b733a393a226c6f676765645f696e223b623a313b7d),
('a27ca3618d26a72b479d28d2e72a4f790c4cb4d5', '::1', 1497628749, 0x5f5f63695f6c6173745f726567656e65726174657c693a313439373632383634333b61646d696e5f6c6f676765645f696e7c613a353a7b733a393a22757365725f6e616d65223b733a31333a2241646d696e6973747261746f72223b733a373a22757365725f6964223b733a313a2231223b733a31303a22757365725f656d61696c223b733a31353a2261646d696e4061646d696e2e636f6d223b733a373a22726f6c655f6964223b733a313a2231223b733a393a226c6f676765645f696e223b623a313b7d),
('1227bcd9e8a285b9361aded883fa058b175b889a', '::1', 1497629554, 0x5f5f63695f6c6173745f726567656e65726174657c693a313439373632393430383b61646d696e5f6c6f676765645f696e7c613a353a7b733a393a22757365725f6e616d65223b733a31333a2241646d696e6973747261746f72223b733a373a22757365725f6964223b733a313a2231223b733a31303a22757365725f656d61696c223b733a31353a2261646d696e4061646d696e2e636f6d223b733a373a22726f6c655f6964223b733a313a2231223b733a393a226c6f676765645f696e223b623a313b7d),
('315d190f0cebe4e8b1a4c915f37ff5eb22d9cf73', '::1', 1497631151, 0x5f5f63695f6c6173745f726567656e65726174657c693a313439373633303936373b61646d696e5f6c6f676765645f696e7c613a353a7b733a393a22757365725f6e616d65223b733a31333a2241646d696e6973747261746f72223b733a373a22757365725f6964223b733a313a2231223b733a31303a22757365725f656d61696c223b733a31353a2261646d696e4061646d696e2e636f6d223b733a373a22726f6c655f6964223b733a313a2231223b733a393a226c6f676765645f696e223b623a313b7d),
('70c3cfae268b132e5acf5afcbcdb0e2724c4c986', '::1', 1497633258, 0x5f5f63695f6c6173745f726567656e65726174657c693a313439373633313532343b61646d696e5f6c6f676765645f696e7c613a353a7b733a393a22757365725f6e616d65223b733a31333a2241646d696e6973747261746f72223b733a373a22757365725f6964223b733a313a2231223b733a31303a22757365725f656d61696c223b733a31353a2261646d696e4061646d696e2e636f6d223b733a373a22726f6c655f6964223b733a313a2231223b733a393a226c6f676765645f696e223b623a313b7d),
('33bc57ea4394f981fd700a108ca9f0c401ba0aa2', '::1', 1497819292, 0x5f5f63695f6c6173745f726567656e65726174657c693a313439373831393139343b61646d696e5f6c6f676765645f696e7c613a353a7b733a393a22757365725f6e616d65223b733a31333a2241646d696e6973747261746f72223b733a373a22757365725f6964223b733a313a2231223b733a31303a22757365725f656d61696c223b733a31353a2261646d696e4061646d696e2e636f6d223b733a373a22726f6c655f6964223b733a313a2231223b733a393a226c6f676765645f696e223b623a313b7d),
('bb9c45d53cc4111e0ecf8087377aee0ac85c3930', '::1', 1497823132, 0x5f5f63695f6c6173745f726567656e65726174657c693a313439373832333133323b),
('aaa8a00223a7177053085e33272c3233d4ed2657', '::1', 1500218303, 0x5f5f63695f6c6173745f726567656e65726174657c693a313530303231383330333b);

-- --------------------------------------------------------

--
-- Table structure for table `client_tasks`
--

CREATE TABLE IF NOT EXISTS `client_tasks` (
  `id` int(11) NOT NULL,
  `accountNo` varchar(100) NOT NULL,
  `task_status` int(3) unsigned NOT NULL,
  `task_desc` varchar(500) CHARACTER SET utf8 NOT NULL,
  `cre_or_up_date` date NOT NULL,
  `cre_or_up_by` varchar(100) NOT NULL
) ENGINE=InnoDB AUTO_INCREMENT=7 DEFAULT CHARSET=latin1;

--
-- Dumping data for table `client_tasks`
--

INSERT INTO `client_tasks` (`id`, `accountNo`, `task_status`, `task_desc`, `cre_or_up_date`, `cre_or_up_by`) VALUES
(3, '233543', 4, 'test', '2017-06-16', 'Administrator'),
(6, 'RIY123', 1, 'testttt', '2017-06-16', 'Administrator');

-- --------------------------------------------------------

--
-- Table structure for table `permissions`
--

CREATE TABLE IF NOT EXISTS `permissions` (
  `module_id` int(11) NOT NULL,
  `module_name` varchar(100) NOT NULL,
  `roll_id` int(11) NOT NULL
) ENGINE=InnoDB AUTO_INCREMENT=161 DEFAULT CHARSET=utf8;

--
-- Dumping data for table `permissions`
--

INSERT INTO `permissions` (`module_id`, `module_name`, `roll_id`) VALUES
(19, 'Dashboard', 3),
(20, 'Settings', 3),
(21, 'Category', 3),
(22, 'Location', 3),
(23, 'Dashboard', 2),
(24, 'Settings', 2),
(25, 'Category', 2),
(26, 'Location', 2),
(27, 'Products', 2),
(28, 'Products_Ledger', 2),
(29, 'Technician', 2),
(30, 'Manage_Technician', 2),
(31, 'Upload_Technician_Excel', 2),
(32, 'Task', 2),
(33, 'Task_Product', 2),
(34, 'Clients', 2),
(142, 'Dashboard', 1),
(143, 'Settings', 1),
(144, 'Category', 1),
(145, 'Location', 1),
(146, 'Roll', 1),
(147, 'Shop', 1),
(148, 'Products', 1),
(149, 'Products_Ledger', 1),
(150, 'Technician', 1),
(151, 'Manage_Technician', 1),
(152, 'Upload_Technician_Excel', 1),
(153, 'Task', 1),
(154, 'Task_Product', 1),
(155, 'Clients', 1),
(156, 'Bill', 1),
(157, 'User', 1),
(158, 'Permission', 1),
(159, 'Module_Permission', 1),
(160, 'Module_Action', 1);

-- --------------------------------------------------------

--
-- Table structure for table `permission_actions`
--

CREATE TABLE IF NOT EXISTS `permission_actions` (
  `module_name` varchar(50) NOT NULL,
  `action_name` varchar(50) NOT NULL,
  `roll_id` varchar(50) NOT NULL
) ENGINE=InnoDB DEFAULT CHARSET=utf8;

--
-- Dumping data for table `permission_actions`
--

INSERT INTO `permission_actions` (`module_name`, `action_name`, `roll_id`) VALUES
('Bill', 'Client_Bill', '1'),
('Bill', 'Technician_Bill', '1'),
('Category', 'Add', '1'),
('Category', 'Add', '2'),
('Category', 'Add', '3'),
('Category', 'Delete', '1'),
('Category', 'Delete', '2'),
('Category', 'Delete', '3'),
('Category', 'Edit', '1'),
('Category', 'Edit', '2'),
('Category', 'Edit', '3'),
('Category', 'View', '1'),
('Category', 'View', '2'),
('Category', 'View', '3'),
('Clients', 'Add', '1'),
('Clients', 'Add', '2'),
('Clients', 'Delete', '1'),
('Clients', 'Delete', '2'),
('Clients', 'Edit', '1'),
('Clients', 'Edit', '2'),
('Clients', 'Survey', '1'),
('Clients', 'View', '1'),
('Clients', 'View', '2'),
('Client_Bill', 'Add', '1'),
('Client_Bill', 'Delete', '1'),
('Client_Bill', 'Edit', '1'),
('Client_Bill', 'View', '1'),
('Location', 'Add', '1'),
('Location', 'Add', '2'),
('Location', 'Add', '3'),
('Location', 'Delete', '1'),
('Location', 'Delete', '2'),
('Location', 'Delete', '3'),
('Location', 'Edit', '1'),
('Location', 'Edit', '2'),
('Location', 'Edit', '3'),
('Location', 'View', '1'),
('Location', 'View', '2'),
('Location', 'View', '3'),
('Products', 'Add', '1'),
('Products', 'Add', '2'),
('Products', 'Delete', '1'),
('Products', 'Delete', '2'),
('Products', 'Edit', '1'),
('Products', 'Edit', '2'),
('Products', 'View', '1'),
('Products', 'View', '2'),
('Products_Ledger', 'Add', '1'),
('Products_Ledger', 'Add', '2'),
('Products_Ledger', 'Delete', '1'),
('Products_Ledger', 'Delete', '2'),
('Products_Ledger', 'Edit', '1'),
('Products_Ledger', 'Edit', '2'),
('Products_Ledger', 'View', '1'),
('Products_Ledger', 'View', '2'),
('Roll', 'Add', '1'),
('Roll', 'Delete', '1'),
('Roll', 'Edit', '1'),
('Roll', 'View', '1'),
('Shop', 'Add', '1'),
('Shop', 'Delete', '1'),
('Shop', 'Edit', '1'),
('Shop', 'View', '1'),
('Task', 'Add', '1'),
('Task', 'Add', '2'),
('Task', 'Delete', '1'),
('Task', 'Delete', '2'),
('Task', 'Edit', '1'),
('Task', 'Edit', '2'),
('Task', 'View', '1'),
('Task', 'View', '2'),
('Task_Product', 'Add', '1'),
('Task_Product', 'Add', '2'),
('Task_Product', 'Delete', '1'),
('Task_Product', 'Delete', '2'),
('Task_Product', 'Edit', '1'),
('Task_Product', 'Edit', '2'),
('Technician', 'Add', '1'),
('Technician', 'Add', '2'),
('Technician', 'Delete', '1'),
('Technician', 'Delete', '2'),
('Technician', 'Edit', '1'),
('Technician', 'Edit', '2'),
('Technician', 'View', '1'),
('Technician', 'View', '2'),
('Technician_Bill', 'Add', '1'),
('Technician_Bill', 'Delete', '1'),
('Technician_Bill', 'Edit', '1'),
('Technician_Bill', 'View', '1'),
('User', 'Add', '1'),
('User', 'Delete', '1'),
('User', 'Edit', '1'),
('User', 'Role', '1'),
('User', 'View', '1');

-- --------------------------------------------------------

--
-- Table structure for table `roll`
--

CREATE TABLE IF NOT EXISTS `roll` (
  `roll_id` smallint(2) unsigned NOT NULL,
  `roll_name` varchar(50) NOT NULL,
  `is_active` tinyint(1) NOT NULL COMMENT '1= active 0=deactive'
) ENGINE=InnoDB AUTO_INCREMENT=4 DEFAULT CHARSET=utf8;

--
-- Dumping data for table `roll`
--

INSERT INTO `roll` (`roll_id`, `roll_name`, `is_active`) VALUES
(1, 'Administrator', 1),
(2, 'Project Manager', 1),
(3, 'Editor', 1);

-- --------------------------------------------------------

--
-- Table structure for table `sms_template`
--

CREATE TABLE IF NOT EXISTS `sms_template` (
  `id` int(11) NOT NULL,
  `temp_name` varchar(200) NOT NULL,
  `temp_type` varchar(100) NOT NULL,
  `temp_message` text NOT NULL,
  `cre_or_up_date` date NOT NULL,
  `cre_or_up_by` varchar(100) NOT NULL,
  `status` tinyint(4) NOT NULL
) ENGINE=InnoDB AUTO_INCREMENT=7 DEFAULT CHARSET=utf8;

--
-- Dumping data for table `sms_template`
--

INSERT INTO `sms_template` (`id`, `temp_name`, `temp_type`, `temp_message`, `cre_or_up_date`, `cre_or_up_by`, `status`) VALUES
(2, 'Template One', 'Group', 'This is a message template', '2017-05-05', 'Administrator', 1),
(4, 'Template Two', 'Single', 'Dear {name},\r\nAssalamualikum. Hope you are well. You have to pay {balance} taka for your completed task.\r\nThank you.', '2017-05-10', 'Administrator', 1),
(5, 'Simple message', 'Single', 'Dear ,\r\nAssalamualikum. Hope you are well. You have to pay  taka for your completed task.\r\nThank you.', '2017-05-10', 'Administrator', 1),
(6, 'Group Template Four', 'Group', 'Dear {name},\r\nAssalamualikum. Hope you are well. You have to pay {balance} taka for your completed task.\r\nThank you.', '2017-05-10', 'Administrator', 1);

-- --------------------------------------------------------

--
-- Table structure for table `task_status`
--

CREATE TABLE IF NOT EXISTS `task_status` (
  `id` int(11) NOT NULL,
  `client_status` varchar(50) CHARACTER SET utf8 NOT NULL,
  `status` tinyint(1) NOT NULL DEFAULT '0' COMMENT '0=not active 1=active',
  `cre_or_up_date` date NOT NULL,
  `cre_or_up_by` varchar(100) NOT NULL
) ENGINE=InnoDB AUTO_INCREMENT=5 DEFAULT CHARSET=latin1;

--
-- Dumping data for table `task_status`
--

INSERT INTO `task_status` (`id`, `client_status`, `status`, `cre_or_up_date`, `cre_or_up_by`) VALUES
(1, 'Processing', 1, '2017-06-14', 'Administrator'),
(4, 'Completed Task', 1, '2017-06-14', 'Administrator');

-- --------------------------------------------------------

--
-- Table structure for table `transaction`
--

CREATE TABLE IF NOT EXISTS `transaction` (
  `Id` int(5) unsigned NOT NULL,
  `accountNo` varchar(100) NOT NULL,
  `entryDate` date NOT NULL,
  `deposit` double unsigned NOT NULL DEFAULT '0',
  `withDraw` double unsigned NOT NULL DEFAULT '0',
  `discount` double unsigned NOT NULL DEFAULT '0',
  `balance` varchar(20) NOT NULL,
  `comments` varchar(500) NOT NULL,
  `cre_or_up_by` varchar(100) NOT NULL
) ENGINE=InnoDB AUTO_INCREMENT=8 DEFAULT CHARSET=utf8;

--
-- Dumping data for table `transaction`
--

INSERT INTO `transaction` (`Id`, `accountNo`, `entryDate`, `deposit`, `withDraw`, `discount`, `balance`, `comments`, `cre_or_up_by`) VALUES
(1, '233543', '2017-05-03', 10000, 0, 0, '10000.00', 'Receive Money from Client', ''),
(2, '233543', '2017-05-04', 0, 1000, 0, '9000', 'Payment to Owner', ''),
(7, 'ER43QWERE', '2017-05-19', 5000, 0, 0, '5000.00', 'Receive from client', 'Administrator');

-- --------------------------------------------------------

--
-- Table structure for table `type`
--

CREATE TABLE IF NOT EXISTS `type` (
  `id` int(11) NOT NULL,
  `tax_name` varchar(100) NOT NULL,
  `cre_or_up_date` date NOT NULL,
  `cre_or_up_by` varchar(100) NOT NULL,
  `status` tinyint(1) NOT NULL
) ENGINE=InnoDB AUTO_INCREMENT=4 DEFAULT CHARSET=utf8;

--
-- Dumping data for table `type`
--

INSERT INTO `type` (`id`, `tax_name`, `cre_or_up_date`, `cre_or_up_by`, `status`) VALUES
(1, 'Type One', '2017-05-10', 'Administrator', 1),
(2, 'Type Two', '2017-05-10', 'Administrator', 1),
(3, 'Type Three', '2017-05-15', 'Administrator', 1);

-- --------------------------------------------------------

--
-- Table structure for table `users`
--

CREATE TABLE IF NOT EXISTS `users` (
  `user_id` int(5) unsigned NOT NULL,
  `name` varchar(100) NOT NULL,
  `user_name` varchar(100) NOT NULL,
  `user_email` varchar(100) NOT NULL,
  `pass_phrase` varchar(500) NOT NULL,
  `temp_phrase` varchar(500) NOT NULL,
  `role_id` smallint(3) NOT NULL,
  `cre_or_up_date` date NOT NULL,
  `cre_or_up_by` varchar(50) NOT NULL,
  `is_available` tinyint(1) NOT NULL DEFAULT '1',
  `file_path` varchar(200) NOT NULL
) ENGINE=InnoDB AUTO_INCREMENT=6 DEFAULT CHARSET=utf8;

--
-- Dumping data for table `users`
--

INSERT INTO `users` (`user_id`, `name`, `user_name`, `user_email`, `pass_phrase`, `temp_phrase`, `role_id`, `cre_or_up_date`, `cre_or_up_by`, `is_available`, `file_path`) VALUES
(1, 'admin', 'Administrator', 'admin@admin.com', '0192023a7bbd73250516f069df18b500', '', 1, '2017-03-10', 'administrator', 1, 'assets/images/credit/1495042047.jpg'),
(4, '', 'Abu Yusuf', 'yusuf@gmail.com', '202cb962ac59075b964b07152d234b70', '', 2, '2017-05-17', 'Administrator', 1, 'assets/images/credit/1489172113.jpg'),
(5, '', 'Riyadh Ahmed', 'riyad@gmail.com', '202cb962ac59075b964b07152d234b70', '', 0, '2017-05-17', 'Administrator', 1, '');

--
-- Indexes for dumped tables
--

--
-- Indexes for table `admin`
--
ALTER TABLE `admin`
  ADD PRIMARY KEY (`id`);

--
-- Indexes for table `baby_account_info`
--
ALTER TABLE `baby_account_info`
  ADD PRIMARY KEY (`Id`),
  ADD UNIQUE KEY `account_no` (`accountNo`),
  ADD KEY `account_no_2` (`accountNo`);

--
-- Indexes for table `circle`
--
ALTER TABLE `circle`
  ADD PRIMARY KEY (`id`);

--
-- Indexes for table `ci_sessions`
--
ALTER TABLE `ci_sessions`
  ADD KEY `ci_sessions_timestamp` (`timestamp`);

--
-- Indexes for table `client_tasks`
--
ALTER TABLE `client_tasks`
  ADD PRIMARY KEY (`id`);

--
-- Indexes for table `permissions`
--
ALTER TABLE `permissions`
  ADD PRIMARY KEY (`module_id`);

--
-- Indexes for table `permission_actions`
--
ALTER TABLE `permission_actions`
  ADD PRIMARY KEY (`module_name`,`action_name`,`roll_id`);

--
-- Indexes for table `roll`
--
ALTER TABLE `roll`
  ADD PRIMARY KEY (`roll_id`);

--
-- Indexes for table `sms_template`
--
ALTER TABLE `sms_template`
  ADD PRIMARY KEY (`id`),
  ADD UNIQUE KEY `temp_name` (`temp_name`);

--
-- Indexes for table `task_status`
--
ALTER TABLE `task_status`
  ADD PRIMARY KEY (`id`);

--
-- Indexes for table `transaction`
--
ALTER TABLE `transaction`
  ADD PRIMARY KEY (`Id`);

--
-- Indexes for table `type`
--
ALTER TABLE `type`
  ADD PRIMARY KEY (`id`);

--
-- Indexes for table `users`
--
ALTER TABLE `users`
  ADD PRIMARY KEY (`user_id`),
  ADD UNIQUE KEY `user_name` (`user_name`),
  ADD UNIQUE KEY `user_email` (`user_email`);

--
-- AUTO_INCREMENT for dumped tables
--

--
-- AUTO_INCREMENT for table `admin`
--
ALTER TABLE `admin`
  MODIFY `id` int(11) NOT NULL AUTO_INCREMENT,AUTO_INCREMENT=3;
--
-- AUTO_INCREMENT for table `baby_account_info`
--
ALTER TABLE `baby_account_info`
  MODIFY `Id` int(5) unsigned NOT NULL AUTO_INCREMENT,AUTO_INCREMENT=7;
--
-- AUTO_INCREMENT for table `circle`
--
ALTER TABLE `circle`
  MODIFY `id` int(11) NOT NULL AUTO_INCREMENT,AUTO_INCREMENT=4;
--
-- AUTO_INCREMENT for table `client_tasks`
--
ALTER TABLE `client_tasks`
  MODIFY `id` int(11) NOT NULL AUTO_INCREMENT,AUTO_INCREMENT=7;
--
-- AUTO_INCREMENT for table `permissions`
--
ALTER TABLE `permissions`
  MODIFY `module_id` int(11) NOT NULL AUTO_INCREMENT,AUTO_INCREMENT=161;
--
-- AUTO_INCREMENT for table `roll`
--
ALTER TABLE `roll`
  MODIFY `roll_id` smallint(2) unsigned NOT NULL AUTO_INCREMENT,AUTO_INCREMENT=4;
--
-- AUTO_INCREMENT for table `sms_template`
--
ALTER TABLE `sms_template`
  MODIFY `id` int(11) NOT NULL AUTO_INCREMENT,AUTO_INCREMENT=7;
--
-- AUTO_INCREMENT for table `task_status`
--
ALTER TABLE `task_status`
  MODIFY `id` int(11) NOT NULL AUTO_INCREMENT,AUTO_INCREMENT=5;
--
-- AUTO_INCREMENT for table `transaction`
--
ALTER TABLE `transaction`
  MODIFY `Id` int(5) unsigned NOT NULL AUTO_INCREMENT,AUTO_INCREMENT=8;
--
-- AUTO_INCREMENT for table `type`
--
ALTER TABLE `type`
  MODIFY `id` int(11) NOT NULL AUTO_INCREMENT,AUTO_INCREMENT=4;
--
-- AUTO_INCREMENT for table `users`
--
ALTER TABLE `users`
  MODIFY `user_id` int(5) unsigned NOT NULL AUTO_INCREMENT,AUTO_INCREMENT=6;
/*!40101 SET CHARACTER_SET_CLIENT=@OLD_CHARACTER_SET_CLIENT */;
/*!40101 SET CHARACTER_SET_RESULTS=@OLD_CHARACTER_SET_RESULTS */;
/*!40101 SET COLLATION_CONNECTION=@OLD_COLLATION_CONNECTION */;
